Identifier,CHROM,POS,REF,ALT,Trans_Version_Flossies,Consequence_Flossies,Splice_Change_Flossies,European_(n=7325)_Flossies,African_(n=2559)_Flossies,Overall_Frequency_Flossies
17:g.41196331G>A,17,41196331,G,A,3,3' UTR,,1,0,0.000101
17:g.41196353A>G,17,41196353,A,G,3,3' UTR,,1,0,0.000101
17:g.41196363C>T,17,41196363,C,T,3,3' UTR,,214,17,0.0234
17:g.41196372T>C,17,41196372,T,C,3,3' UTR,,2,15,0.00172
17:g.41196375T>G,17,41196375,T,G,3,3' UTR,,0,1,0.000101
17:g.41196380A>G,17,41196380,A,G,3,3' UTR,,0,1,0.000101
17:g.41196388C>T,17,41196388,C,T,3,3' UTR,,0,1,0.000101
17:g.41196389T>C,17,41196389,T,C,3,3' UTR,,1,0,0.000101
17:g.41196397C>G,17,41196397,C,G,3,3' UTR,,0,1,0.000101
17:g.41196407T>TG,17,41196407,T,TG,3,3' UTR,,1,0,0.000101
17:g.41196408G>A,17,41196408,G,A,3,3' UTR,,4018,1059,0.514
17:g.41196409G>C,17,41196409,G,C,3,3' UTR,,0,1,0.000101
17:g.41196414G>A,17,41196414,G,A,3,3' UTR,,2,0,0.000202
17:g.41196414G>C,17,41196414,G,C,3,3' UTR,,0,1,0.000101
17:g.41196447A>C,17,41196447,A,C,3,3' UTR,,0,1,0.000101
17:g.41196460A>AATGGGTTT,17,41196460,A,AATGGGTTT,3,3' UTR,,1,0,0.000101
17:g.41196596C>A,17,41196596,C,A,3,3' UTR,,0,1,0.000101
17:g.41196609T>G,17,41196609,T,G,3,3' UTR,,1,0,0.000101
17:g.41196669A>G,17,41196669,A,G,3,3' UTR,,1,0,0.000101
17:g.41196680T>C,17,41196680,T,C,3,3' UTR,,2,0,0.000202
17:g.41196689T>C,17,41196689,T,C,3,3' UTR,,1,0,0.000101
17:g.41196737ATCT>A,17,41196737,ATCT,A,3,3' UTR,,1,0,0.000101
17:g.41196767G>A,17,41196767,G,A,3,3' UTR,,3,0,0.000304
17:g.41196800A>G,17,41196800,A,G,3,3' UTR,,2,16,0.00182
17:g.41196808T>C,17,41196808,T,C,3,3' UTR,,0,1,0.000101
17:g.41196821C>CT,17,41196821,C,CT,3,3' UTR,,3,33,0.00364
17:g.41196895A>G,17,41196895,A,G,3,3' UTR,,1,0,0.000101
17:g.41196913C>T,17,41196913,C,T,3,3' UTR,,1,0,0.000101
17:g.41196961C>T,17,41196961,C,T,3,3' UTR,,1,0,0.000101
17:g.41196981C>T,17,41196981,C,T,3,3' UTR,,0,1,0.000101
17:g.41197040C>T,17,41197040,C,T,3,3' UTR,,2,7,0.0009109999999999999
17:g.41197058T>C,17,41197058,T,C,3,3' UTR,,1,0,0.000101
17:g.41197064G>A,17,41197064,G,A,3,3' UTR,,0,1,0.000101
17:g.41197100C>T,17,41197100,C,T,3,3' UTR,,0,1,0.000101
17:g.41197101G>A,17,41197101,G,A,3,3' UTR,,4,0,0.000405
17:g.41197133T>C,17,41197133,T,C,3,3' UTR,,1,2,0.000304
17:g.41197159T>C,17,41197159,T,C,3,3' UTR,,0,1,0.000101
17:g.41197162C>A,17,41197162,C,A,3,3' UTR,,0,1,0.000101
17:g.41197170A>G,17,41197170,A,G,3,3' UTR,,1,0,0.000101
17:g.41197179T>A,17,41197179,T,A,3,3' UTR,,0,1,0.000101
17:g.41197210C>T,17,41197210,C,T,3,3' UTR,,11,3,0.0014199999999999998
17:g.41197229T>C,17,41197229,T,C,3,3' UTR,,0,1,0.000101
17:g.41197240C>T,17,41197240,C,T,3,3' UTR,,1,0,0.000101
17:g.41197253T>C,17,41197253,T,C,3,3' UTR,,1,0,0.000101
17:g.41197274C>A,17,41197274,C,A,3,3' UTR,,3982,826,0.486
17:g.41197288G>A,17,41197288,G,A,3,3' UTR,,0,1,0.000101
17:g.41197305CTTAGGGAAACCAGCTA>C,17,41197305,CTTAGGGAAACCAGCTA,C,3,3' UTR,,3,0,0.000304
17:g.41197309G>C,17,41197309,G,C,3,3' UTR,,1,0,0.000101
17:g.41197338C>G,17,41197338,C,G,3,3' UTR,,1,0,0.000101
17:g.41197404G>A,17,41197404,G,A,3,3' UTR,,1,0,0.000101
17:g.41197431G>A,17,41197431,G,A,3,3' UTR,,0,4,0.000405
17:g.41197458G>A,17,41197458,G,A,3,3' UTR,,1,0,0.000101
17:g.41197465A>G,17,41197465,A,G,3,3' UTR,,1,0,0.000101
17:g.41197467T>C,17,41197467,T,C,3,3' UTR,,1,16,0.00172
17:g.41197486T>A,17,41197486,T,A,3,3' UTR,,0,1,0.000101
17:g.41197509C>T,17,41197509,C,T,3,3' UTR,,3,0,0.000304
17:g.41197540A>G,17,41197540,A,G,3,3' UTR,,0,1,0.000101
17:g.41197589G>A,17,41197589,G,A,3,3' UTR,,1,3,0.000405
17:g.41197596G>T,17,41197596,G,T,3,3' UTR,,0,1,0.000101
17:g.41197603T>G,17,41197603,T,G,3,3' UTR,,2,0,0.000202
17:g.41197675G>A,17,41197675,G,A,3,3' UTR,,2,0,0.000202
17:g.41197691G>A,17,41197691,G,A,3,3' UTR,,1,0,0.000101
17:g.41197756A>C,17,41197756,A,C,3,missense,,1,2,0.000304
17:g.41197825G>A,17,41197825,G,A,3,intronic,acceptor:6,1,0,0.000101
17:g.41197829G>T,17,41197829,G,T,3,intronic,acceptor:10,6,82,0.0089
17:g.41199716A>T,17,41199716,A,T,3,missense,,2,0,0.000202
17:g.41199720C>A,17,41199720,C,A,3,missense,acceptor:1,1,0,0.000101
17:g.41199724G>C,17,41199724,G,C,3,intronic,acceptor:4,1,0,0.000101
17:g.41201168C>T,17,41201168,C,T,3,silent,,1,0,0.000101
17:g.41201196A>G,17,41201196,A,G,3,missense,,1,8,0.0009109999999999999
17:g.41203088A>C,17,41203088,A,C,3,missense,,0,1,0.000101
17:g.41203108G>A,17,41203108,G,A,3,silent,,0,3,0.000304
17:g.41203127C>A,17,41203127,C,A,3,missense,,1,0,0.000101
17:g.41203154G>A,17,41203154,G,A,3,intronic,acceptor:20,2,3,0.0005059999999999999
17:g.41209094C>T,17,41209094,C,T,3,missense,,1,0,0.000101
17:g.41209170C>A,17,41209170,C,A,3,intronic,acceptor:18,1,3,0.000405
17:g.41215357A>C,17,41215357,A,C,3,missense,,0,1,0.000101
17:g.41215358G>C,17,41215358,G,C,3,missense,,0,1,0.000101
17:g.41215368T>C,17,41215368,T,C,3,silent,,1,0,0.000101
17:g.41215382G>C,17,41215382,G,C,3,missense,,0,1,0.000101
17:g.41215385T>C,17,41215385,T,C,3,missense,,0,1,0.000101
17:g.41215920G>A,17,41215920,G,A,3,missense,,1,3,0.000405
17:g.41215943T>C,17,41215943,T,C,3,silent,,1,0,0.000101
17:g.41215948G>T,17,41215948,G,T,3,silent,,1,0,0.000101
17:g.41215950TCA>T,17,41215950,TCA,T,3,frameshift deletion,,1,0,0.000101
17:g.41219694C>A,17,41219694,C,A,3,missense,,3,0,0.000304
17:g.41219707G>A,17,41219707,G,A,3,silent,,1,15,0.00162
17:g.41219723A>G,17,41219723,A,G,3,intronic,acceptor:11,1,0,0.000101
17:g.41219732T>C,17,41219732,T,C,3,intronic,acceptor:20,8,57,0.00658
17:g.41222958G>A,17,41222958,G,A,3,missense,,1,0,0.000101
17:g.41222975C>T,17,41222975,C,T,3,missense,,213,15,0.0231
17:g.41222976A>G,17,41222976,A,G,3,missense,,1,0,0.000101
17:g.41222997C>G,17,41222997,C,G,3,missense,,0,3,0.000304
17:g.41223021G>A,17,41223021,G,A,3,missense,,1,0,0.000101
17:g.41223029C>T,17,41223029,C,T,3,silent,,0,1,0.000101
17:g.41223038A>T,17,41223038,A,T,3,missense,,0,1,0.000101
17:g.41223048A>G,17,41223048,A,G,3,missense,,7,0,0.000708
17:g.41223049T>C,17,41223049,T,C,3,missense,,1,0,0.000101
17:g.41223064C>T,17,41223064,C,T,3,missense,,1,0,0.000101
17:g.41223086A>G,17,41223086,A,G,3,silent,,1,0,0.000101
17:g.41223088C>T,17,41223088,C,T,3,missense,,1,0,0.000101
17:g.41223091G>A,17,41223091,G,A,3,missense,,0,9,0.0009109999999999999
17:g.41223118A>G,17,41223118,A,G,3,silent,,0,2,0.000202
17:g.41223119T>C,17,41223119,T,C,3,silent,,20,0,0.00202
17:g.41223133A>G,17,41223133,A,G,3,silent,,1,0,0.000101
17:g.41223166G>A,17,41223166,G,A,3,missense,,1,0,0.000101
17:g.41223196G>C,17,41223196,G,C,3,missense,,0,1,0.000101
17:g.41223223G>A,17,41223223,G,A,3,missense,,1,0,0.000101
17:g.41223240A>G,17,41223240,A,G,3,missense,,1,12,0.00132
17:g.41223249G>A,17,41223249,G,A,3,missense,,2,32,0.00344
17:g.41226349T>C,17,41226349,T,C,3,silent,donor:2,0,1,0.000101
17:g.41226374G>A,17,41226374,G,A,3,missense,,1,1,0.000202
17:g.41226379C>T,17,41226379,C,T,3,silent,,2,0,0.000202
17:g.41226387C>T,17,41226387,C,T,3,missense,,3,0,0.000304
17:g.41226388G>A,17,41226388,G,A,3,silent,,0,1,0.000101
17:g.41226423C>T,17,41226423,C,T,3,missense,,2,20,0.00223
17:g.41226438T>C,17,41226438,T,C,3,missense,,0,1,0.000101
17:g.41226469C>T,17,41226469,C,T,3,silent,,0,1,0.000101
17:g.41226475A>T,17,41226475,A,T,3,missense,,1,0,0.000101
17:g.41226488C>A,17,41226488,C,A,3,missense,,44,1,0.00455
17:g.41228509C>T,17,41228509,C,T,3,missense,,0,1,0.000101
17:g.41228552C>T,17,41228552,C,T,3,silent,,0,1,0.000101
17:g.41228579T>A,17,41228579,T,A,3,missense,,1,0,0.000101
17:g.41228587T>G,17,41228587,T,G,3,missense,,1,1,0.000202
17:g.41228616T>A,17,41228616,T,A,3,missense,,0,1,0.000101
17:g.41228627T>C,17,41228627,T,C,3,silent,acceptor:2,1,0,0.000101
17:g.41228641G>A,17,41228641,G,A,3,intronic,acceptor:10,2,0,0.000202
17:g.41231434T>C,17,41231434,T,C,3,intronic,acceptor:18,1,0,0.000101
17:g.41234436T>C,17,41234436,T,C,3,missense,,2,0,0.000202
17:g.41234451G>C,17,41234451,G,C,3,missense,,2,0,0.000202
17:g.41234470A>G,17,41234470,A,G,3,silent,,3988,828,0.48700000000000004
17:g.41234481T>G,17,41234481,T,G,3,missense,,1,0,0.000101
17:g.41234527C>T,17,41234527,C,T,3,silent,,0,1,0.000101
17:g.41243014C>A,17,41243014,C,A,3,missense,,0,1,0.000101
17:g.41243014C>T,17,41243014,C,T,3,missense,,1,0,0.000101
17:g.41243033C>T,17,41243033,C,T,3,silent,,3,21,0.00243
17:g.41243497A>G,17,41243497,A,G,3,silent,,0,1,0.000101
17:g.41243502G>A,17,41243502,G,A,3,missense,,0,1,0.000101
17:g.41243509T>C,17,41243509,T,C,3,missense,,91,8,0.01
17:g.41243567C>T,17,41243567,C,T,3,silent,,1,0,0.000101
17:g.41243572GC>G,17,41243572,GC,G,3,frameshift deletion,,1,0,0.000101
17:g.41243576C>T,17,41243576,C,T,3,missense,,1,0,0.000101
17:g.41243604G>C,17,41243604,G,C,3,missense,,1,0,0.000101
17:g.41243725T>C,17,41243725,T,C,3,missense,,1,0,0.000101
17:g.41243744A>G,17,41243744,A,G,3,silent,,2,4,0.000607
17:g.41243751C>G,17,41243751,C,G,3,missense,,2,0,0.000202
17:g.41243790G>C,17,41243790,G,C,3,missense,,1,0,0.000101
17:g.41243798C>G,17,41243798,C,G,3,missense,,0,1,0.000101
17:g.41243800C>T,17,41243800,C,T,3,missense,,3,0,0.000304
17:g.41243801G>A,17,41243801,G,A,3,silent,,3,0,0.000304
17:g.41243809C>T,17,41243809,C,T,3,missense,,0,2,0.000202
17:g.41243835G>A,17,41243835,G,A,3,missense,,6,0,0.000607
17:g.41243837T>C,17,41243837,T,C,3,missense,,1,0,0.000101
17:g.41243840A>C,17,41243840,A,C,3,missense,,9,0,0.0009109999999999999
17:g.41243857A>G,17,41243857,A,G,3,missense,,1,1,0.000202
17:g.41243877G>A,17,41243877,G,A,3,missense,,0,1,0.000101
17:g.41243899A>G,17,41243899,A,G,3,missense,,1,1,0.000202
17:g.41243925T>C,17,41243925,T,C,3,missense,,1,0,0.000101
17:g.41243940C>T,17,41243940,C,T,3,missense,,1,0,0.000101
17:g.41243948C>G,17,41243948,C,G,3,missense,,2,25,0.0027300000000000002
17:g.41243960T>C,17,41243960,T,C,3,silent,,0,1,0.000101
17:g.41244000T>C,17,41244000,T,C,3,missense,,4011,1059,0.513
17:g.41244007C>T,17,41244007,C,T,3,missense,,1,1,0.000202
17:g.41244008G>A,17,41244008,G,A,3,silent,,1,0,0.000101
17:g.41244015C>T,17,41244015,C,T,3,missense,,0,1,0.000101
17:g.41244043C>A,17,41244043,C,A,3,missense,,1,0,0.000101
17:g.41244092G>A,17,41244092,G,A,3,silent,,0,1,0.000101
17:g.41244130T>C,17,41244130,T,C,3,missense,,26,162,0.019
17:g.41244132C>A,17,41244132,C,A,3,missense,,1,0,0.000101
17:g.41244202C>G,17,41244202,C,G,3,missense,,0,1,0.000101
17:g.41244218CTTT>C,17,41244218,CTTT,C,3,inframe deletion,,1,0,0.000101
17:g.41244221T>G,17,41244221,T,G,3,missense,,1,0,0.000101
17:g.41244246C>T,17,41244246,C,T,3,missense,,3,0,0.000304
17:g.41244252G>A,17,41244252,G,A,3,missense,,1,0,0.000101
17:g.41244328T>C,17,41244328,T,C,3,missense,,0,1,0.000101
17:g.41244337C>T,17,41244337,C,T,3,missense,,1,0,0.000101
17:g.41244429C>T,17,41244429,C,T,3,missense,,311,28,0.0343
17:g.41244434T>C,17,41244434,T,C,3,silent,,1,0,0.000101
17:g.41244435T>C,17,41244435,T,C,3,missense,,3985,828,0.48700000000000004
17:g.41244451C>T,17,41244451,C,T,3,missense,,0,1,0.000101
17:g.41244455A>T,17,41244455,A,T,3,silent,,1,0,0.000101
17:g.41244457T>A,17,41244457,T,A,3,missense,,0,1,0.000101
17:g.41244465C>T,17,41244465,C,T,3,missense,,1,0,0.000101
17:g.41244466G>A,17,41244466,G,A,3,missense,,1,0,0.000101
17:g.41244493T>C,17,41244493,T,C,3,missense,,1,0,0.000101
17:g.41244524C>T,17,41244524,C,T,3,missense,,18,0,0.00182
17:g.41244526T>C,17,41244526,T,C,3,missense,,1,18,0.0019199999999999998
17:g.41244568A>G,17,41244568,A,G,3,missense,,0,1,0.000101
17:g.41244612C>T,17,41244612,C,T,3,missense,,0,1,0.000101
17:g.41244638T>C,17,41244638,T,C,3,silent,,1,0,0.000101
17:g.41244651A>G,17,41244651,A,G,3,missense,,1,0,0.000101
17:g.41244686T>C,17,41244686,T,C,3,silent,,1,1,0.000202
17:g.41244734T>C,17,41244734,T,C,3,silent,,5,31,0.00364
17:g.41244766C>T,17,41244766,C,T,3,missense,,1,0,0.000101
17:g.41244775T>C,17,41244775,T,C,3,missense,,1,0,0.000101
17:g.41244775T>G,17,41244775,T,G,3,missense,,1,3,0.000405
17:g.41244815T>C,17,41244815,T,C,3,silent,,18,0,0.00182
17:g.41244836T>C,17,41244836,T,C,3,silent,,1,0,0.000101
17:g.41244891G>C,17,41244891,G,C,3,missense,,0,1,0.000101
17:g.41244923T>C,17,41244923,T,C,3,silent,,0,1,0.000101
17:g.41244936G>A,17,41244936,G,A,3,missense,,4256,2458,0.679
17:g.41244940C>G,17,41244940,C,G,3,missense,,0,1,0.000101
17:g.41244952G>A,17,41244952,G,A,3,missense,,2,0,0.000202
17:g.41244979A>G,17,41244979,A,G,3,silent,,1,0,0.000101
17:g.41245023T>C,17,41245023,T,C,3,missense,,1,1,0.000202
17:g.41245027G>A,17,41245027,G,A,3,missense,,34,3,0.00374
17:g.41245071G>T,17,41245071,G,T,3,missense,,3,1,0.000405
17:g.41245090T>C,17,41245090,T,C,3,missense,,15,167,0.0184
17:g.41245136C>G,17,41245136,C,G,3,missense,,3,0,0.000304
17:g.41245180T>C,17,41245180,T,C,3,missense,,0,1,0.000101
17:g.41245201T>C,17,41245201,T,C,3,missense,,1,0,0.000101
17:g.41245209T>C,17,41245209,T,C,3,missense,,1,0,0.000101
17:g.41245210G>C,17,41245210,G,C,3,missense,,1,0,0.000101
17:g.41245233A>G,17,41245233,A,G,3,missense,,1,3,0.000405
17:g.41245237A>G,17,41245237,A,G,3,silent,,3973,827,0.486
17:g.41245316A>C,17,41245316,A,C,3,silent,,1,0,0.000101
17:g.41245316A>G,17,41245316,A,G,3,silent,,1,4,0.0005059999999999999
17:g.41245324T>C,17,41245324,T,C,3,missense,,0,1,0.000101
17:g.41245365C>T,17,41245365,C,T,3,missense,,1,0,0.000101
17:g.41245381T>C,17,41245381,T,C,3,missense,,2,39,0.00415
17:g.41245393T>C,17,41245393,T,C,3,missense,,0,5,0.0005059999999999999
17:g.41245439T>C,17,41245439,T,C,3,silent,,3,21,0.00243
17:g.41245465C>A,17,41245465,C,A,3,missense,,1,0,0.000101
17:g.41245465C>T,17,41245465,C,T,3,missense,,0,1,0.000101
17:g.41245466G>A,17,41245466,G,A,3,silent,,4010,1060,0.513
17:g.41245467C>T,17,41245467,C,T,3,missense,,1,0,0.000101
17:g.41245471C>T,17,41245471,C,T,3,missense,,1099,129,0.124
17:g.41245472A>G,17,41245472,A,G,3,silent,,1,0,0.000101
17:g.41245550T>C,17,41245550,T,C,3,silent,,1,0,0.000101
17:g.41245577T>C,17,41245577,T,C,3,silent,,14,93,0.0108
17:g.41245624C>G,17,41245624,C,G,3,missense,,1,0,0.000101
17:g.41245626A>G,17,41245626,A,G,3,missense,,1,0,0.000101
17:g.41245637A>G,17,41245637,A,G,3,silent,,3,0,0.000304
17:g.41245643A>G,17,41245643,A,G,3,silent,,1,2,0.000304
17:g.41245655T>G,17,41245655,T,G,3,silent,,0,1,0.000101
17:g.41245680A>G,17,41245680,A,G,3,missense,,1,0,0.000101
17:g.41245683G>A,17,41245683,G,A,3,missense,,1,0,0.000101
17:g.41245699T>C,17,41245699,T,C,3,missense,,1,0,0.000101
17:g.41245699TAGA>T,17,41245699,TAGA,T,3,inframe deletion,,2,13,0.0015199999999999999
17:g.41245721A>G,17,41245721,A,G,3,silent,,0,1,0.000101
17:g.41245721ATTC>A,17,41245721,ATTC,A,3,inframe deletion,,1,0,0.000101
17:g.41245746T>C,17,41245746,T,C,3,missense,,1,0,0.000101
17:g.41245759C>T,17,41245759,C,T,3,missense,,6,1,0.000708
17:g.41245801T>C,17,41245801,T,C,3,missense,,0,2,0.000202
17:g.41245817T>C,17,41245817,T,C,3,silent,,2,0,0.000202
17:g.41245824T>C,17,41245824,T,C,3,missense,,0,1,0.000101
17:g.41245826G>A,17,41245826,G,A,3,silent,,1,0,0.000101
17:g.41245900T>G,17,41245900,T,G,3,missense,,5,0,0.0005059999999999999
17:g.41245931C>T,17,41245931,C,T,3,silent,,1,0,0.000101
17:g.41245975C>T,17,41245975,C,T,3,missense,,0,1,0.000101
17:g.41245987C>T,17,41245987,C,T,3,missense,,0,5,0.0005059999999999999
17:g.41245994G>T,17,41245994,G,T,3,silent,,1,0,0.000101
17:g.41246014G>A,17,41246014,G,A,3,missense,,3,0,0.000304
17:g.41246015G>T,17,41246015,G,T,3,silent,,0,1,0.000101
17:g.41246037C>T,17,41246037,C,T,3,missense,,1,0,0.000101
17:g.41246038G>A,17,41246038,G,A,3,missense,,0,1,0.000101
17:g.41246061C>T,17,41246061,C,T,3,missense,,15,1,0.00162
17:g.41246062G>A,17,41246062,G,A,3,missense,,1,0,0.000101
17:g.41246089C>A,17,41246089,C,A,3,missense,,0,2,0.000202
17:g.41246092A>G,17,41246092,A,G,3,missense,,5,0,0.0005059999999999999
17:g.41246100A>G,17,41246100,A,G,3,missense,,1,0,0.000101
17:g.41246121T>C,17,41246121,T,C,3,missense,,2,16,0.00182
17:g.41246144C>T,17,41246144,C,T,3,silent,,0,1,0.000101
17:g.41246164C>T,17,41246164,C,T,3,missense,,1,1,0.000202
17:g.41246182T>G,17,41246182,T,G,3,missense,,0,1,0.000101
17:g.41246206G>A,17,41246206,G,A,3,missense,,0,1,0.000101
17:g.41246284A>G,17,41246284,A,G,3,missense,,0,1,0.000101
17:g.41246315A>C,17,41246315,A,C,3,missense,,1,2,0.000304
17:g.41246322A>G,17,41246322,A,G,3,missense,,1,0,0.000101
17:g.41246326T>C,17,41246326,T,C,3,missense,,1,0,0.000101
17:g.41246393C>A,17,41246393,C,A,3,missense,,1,3,0.000405
17:g.41246411A>C,17,41246411,A,C,3,missense,,4,26,0.0030399999999999997
17:g.41246467A>G,17,41246467,A,G,3,missense,,1,0,0.000101
17:g.41246481T>C,17,41246481,T,C,3,missense,,908,48,0.0967
17:g.41246483C>T,17,41246483,C,T,3,silent,,1,0,0.000101
17:g.41246522C>T,17,41246522,C,T,3,silent,,0,1,0.000101
17:g.41246533T>C,17,41246533,T,C,3,missense,,1,0,0.000101
17:g.41246554G>A,17,41246554,G,A,3,missense,,1,0,0.000101
17:g.41246563T>A,17,41246563,T,A,3,missense,,1,1,0.000202
17:g.41246567T>C,17,41246567,T,C,3,silent,,18,0,0.00182
17:g.41246573C>T,17,41246573,C,T,3,silent,,1,0,0.000101
17:g.41246584C>T,17,41246584,C,T,3,missense,,0,1,0.000101
17:g.41246602T>C,17,41246602,T,C,3,missense,,1,0,0.000101
17:g.41246709G>T,17,41246709,G,T,3,missense,,1,0,0.000101
17:g.41246720T>C,17,41246720,T,C,3,silent,,0,3,0.000304
17:g.41246721G>C,17,41246721,G,C,3,missense,,2,0,0.000202
17:g.41246741C>T,17,41246741,C,T,3,silent,,1,3,0.000405
17:g.41246775G>C,17,41246775,G,C,3,missense,,1,0,0.000101
17:g.41246782T>A,17,41246782,T,A,3,missense,,1,0,0.000101
17:g.41246783C>T,17,41246783,C,T,3,silent,,2,15,0.00172
17:g.41246793C>T,17,41246793,C,T,3,missense,,1,0,0.000101
17:g.41246812A>C,17,41246812,A,C,3,missense,,5,1,0.000607
17:g.41246819A>C,17,41246819,A,C,3,missense,,1,0,0.000101
17:g.41246832T>C,17,41246832,T,C,3,missense,,1,0,0.000101
17:g.41246849T>C,17,41246849,T,C,3,silent,,1,0,0.000101
17:g.41246854C>T,17,41246854,C,T,3,missense,,0,5,0.0005059999999999999
17:g.41246855C>T,17,41246855,C,T,3,silent,,1,0,0.000101
17:g.41246876A>C,17,41246876,A,C,3,silent,acceptor:2,1,0,0.000101
17:g.41247872C>A,17,41247872,C,A,3,missense,,0,1,0.000101
17:g.41247892T>C,17,41247892,T,C,3,missense,,1,0,0.000101
17:g.41247921C>G,17,41247921,C,G,3,missense,,1,0,0.000101
17:g.41247941T>G,17,41247941,T,G,3,splice,acceptor:2,1,0,0.000101
17:g.41247954C>G,17,41247954,C,G,3,intronic,acceptor:15,1,0,0.000101
17:g.41249258C>T,17,41249258,C,T,3,intronic,donor:3,1,1,0.000202
17:g.41249263G>A,17,41249263,G,A,3,silent,donor:3,12,2,0.0014199999999999998
17:g.41249283C>T,17,41249283,C,T,3,missense,,0,7,0.000708
17:g.41249290T>C,17,41249290,T,C,3,silent,,1,0,0.000101
17:g.41249297G>T,17,41249297,G,T,3,missense,,7,50,0.00577
17:g.41249323C>A,17,41249323,C,A,3,intronic,acceptor:17,9,0,0.0009109999999999999
17:g.41251803T>C,17,41251803,T,C,3,missense,,5,0,0.0005059999999999999
17:g.41251811C>T,17,41251811,C,T,3,silent,,0,3,0.000304
17:g.41251817T>C,17,41251817,T,C,3,silent,,1,1,0.000202
17:g.41251831G>A,17,41251831,G,A,3,missense,,1,0,0.000101
17:g.41251836T>G,17,41251836,T,G,3,missense,,0,1,0.000101
17:g.41251876G>C,17,41251876,G,C,3,missense,,1,0,0.000101
17:g.41251882T>G,17,41251882,T,G,3,missense,,1,0,0.000101
17:g.41256141A>G,17,41256141,A,G,3,silent,donor:3,1,0,0.000101
17:g.41256153C>T,17,41256153,C,T,3,missense,,1,0,0.000101
17:g.41256155G>T,17,41256155,G,T,3,missense,,3,1,0.000405
17:g.41256266T>C,17,41256266,T,C,3,missense,,0,1,0.000101
17:g.41256919G>C,17,41256919,G,C,3,missense,,0,1,0.000101
17:g.41256931C>A,17,41256931,C,A,3,missense,,1,0,0.000101
17:g.41258486C>A,17,41258486,C,A,3,missense,,1,0,0.000101
17:g.41258514C>A,17,41258514,C,A,3,silent,,1,0,0.000101
17:g.41267743T>G,17,41267743,T,G,3,missense,donor:1,1,0,0.000101
17:g.41267763C>T,17,41267763,C,T,3,silent,,4,4,0.0008089999999999999
17:g.41267808G>C,17,41267808,G,C,3,intronic,acceptor:12,2,16,0.00182
17:g.41267809G>C,17,41267809,G,C,3,intronic,acceptor:13,1,16,0.00172
17:g.41267809G>T,17,41267809,G,T,3,intronic,acceptor:13,0,4,0.000405
17:g.41267810G>A,17,41267810,G,A,3,intronic,acceptor:14,8,2,0.00101
17:g.41276093G>A,17,41276093,G,A,3,silent,,2,31,0.0033399999999999997
17:g.41276095G>A,17,41276095,G,A,3,missense,,1,0,0.000101
17:g.41276129T>C,17,41276129,T,C,3,5' UTR,,0,1,0.000101
17:g.41276142A>G,17,41276142,A,G,3,intronic,acceptor:10,3,0,0.000304
17:g.41277329G>A,17,41277329,G,A,3,5' UTR,,0,4,0.000405
17:g.41277330C>T,17,41277330,C,T,3,5' UTR,,1,0,0.000101
17:g.41277354G>A,17,41277354,G,A,3,5' UTR,,13,0,0.00132
17:g.41277359T>C,17,41277359,T,C,3,5' UTR,,0,1,0.000101
17:g.41277364C>T,17,41277364,C,T,3,5' UTR,,0,1,0.000101
17:g.41277371G>A,17,41277371,G,A,3,5' UTR,,1,0,0.000101
17:g.41277374G>C,17,41277374,G,C,3,5' UTR,,0,6,0.000607
17:g.41277389C>G,17,41277389,C,G,3,5' UTR,,1,0,0.000101
17:g.41277400CG>C,17,41277400,CG,C,3,5' UTR,,1,0,0.000101
17:g.41277403A>C,17,41277403,A,C,3,5' UTR,,1,0,0.000101
17:g.41277405T>G,17,41277405,T,G,3,5' UTR,,1,0,0.000101
17:g.41277411T>C,17,41277411,T,C,3,5' UTR,,1,0,0.000101
17:g.41277414A>T,17,41277414,A,T,3,5' UTR,,1,0,0.000101
17:g.41277417T>C,17,41277417,T,C,3,5' UTR,,1,0,0.000101
17:g.41277445G>A,17,41277445,G,A,3,5' UTR,,0,2,0.000202
