CHROM,Protein_position,Amino_acids,Variant_Rich,HDR_Rich,95%_CI_lower_bound_Rich,95%_CI_upper_bound_Rich,Prev_HDR_Rich
13,2582,A/T,p.Ala2582Thr,4.646129895755284,4.104656115462293,5.246411510570752,Novel
13,2603,A/P,p.Ala2603Pro,1.0690424752246335,0.9230877771104862,1.2486619687799136,Previously Published
13,2603,A/S,p.Ala2603Ser,4.064535391872929,3.4922023207997275,4.719390165831389,Previously Published
13,2632,A/G,p.Ala2632Gly,3.6784086839578105,3.1572408476653493,4.284541716804838,Previously Published
13,2632,A/S,p.Ala2632Ser,4.075542871397644,3.4970993841313707,4.737536820328051,Previously Published
13,2632,A/T,p.Ala2632Thr,3.5164753370945174,3.027734633685902,4.077582122068933,Previously Published
13,2671,A/S,p.Ala2671Ser,3.63516116436082,3.1255305617359275,4.222960438176093,Novel
13,2717,A/S,p.Ala2717Ser,4.540467958457512,4.126410891773016,4.995168913592071,Previously Published
13,2730,A/P,p.Ala2730Pro,1.012850801029309,0.8975316636778834,1.148936516804695,Previously Published
13,2756,A/G,p.Ala2756Gly,5.181504329876769,4.6491882685458235,5.765824268163414,Novel
13,2770,A/D,p.Ala2770Asp,3.509299022461429,3.1515764558024824,3.9037485453448886,Novel
13,2770,A/T,p.Ala2770Thr,3.7975992023881684,3.2617537516887296,4.419546116062141,Novel
13,2780,A/D,p.Ala2780Asp,1.039014309161874,0.8943806905689701,1.2130728564941156,Novel
13,2786,A/P,p.Ala2786Pro,1.2267195587135782,1.0570420539908336,1.4286981330590354,Previously Published
13,2851,A/V,p.Ala2851Val,5.031168933621711,4.3242697801858,5.842834392454567,Previously Published
13,2951,A/T,p.Ala2951Thr,3.8736808322143226,3.3308224916559794,4.499140636725997,Previously Published
13,3028,A/P,p.Ala3028Pro,1.1831987469977272,1.0185124239756063,1.3809487324009688,Previously Published
13,3029,A/V,p.Ala3029Val,4.946291215172976,4.246088093979739,5.751241290386053,Previously Published
13,3088,A/V,p.Ala3088Val,6.136704224328911,5.265960667843867,7.123948970456944,Previously Published
13,3122,A/P,p.Ala3122Pro,1.0927529412019212,0.9661549066436149,1.2387516092475408,Previously Published
13,2765,C/Y,p.Cys2765Tyr,4.4428081816435165,3.8123544773937206,5.160761957342987,Previously Published
13,2817,C/F,p.Cys2817Phe,4.4428081816435165,2.7805656230158466,3.759634230224975,Novel
13,3069,C/R,p.Cys3069Arg,3.5189209704845132,3.0270694335428,4.086641382987724,Previously Published
13,2489,D/Y,p.Asp2489Tyr,4.581064321244789,3.935210448178385,5.319598081204342,Previously Published
13,2606,D/N,p.Asp2606Asn,3.3098095290464564,2.8481529430397843,3.852616384581623,Previously Published
13,2665,D/G,p.Asp2665Gly,4.7393909698728915,4.180489893873002,5.360974312113327,Previously Published
13,2665,D/Y,p.Asp2665Tyr,4.077924357857393,3.5054823214864292,4.744175259138798,Novel
13,2679,D/G,p.Asp2679Gly,4.1249567504236495,3.6451336504878196,4.663542682524782,Previously Published
13,2680,D/G,p.Asp2680Gly,3.528216284893657,3.0291656005806105,4.101262344863742,Previously Published
13,2712,D/N,p.Asp2712Asn,5.193037758511882,4.453074591233971,6.029205748114943,Previously Published
13,2723,D/A,p.Asp2723Ala,0.9856785486437049,0.8484150634685231,1.1515247199878038,Previously Published
13,2723,D/G,p.Asp2723Gly,0.9406459490373985,0.8105002990517017,1.0975919145557578,Previously Published
13,2723,D/H,p.Asp2723His,1.0,0.9349327614368358,1.070661754814128,Previously Published
13,2723,D/N,p.Asp2723Asn,0.8867277925381551,0.7628886162837744,1.0362454276362107,Novel
13,2723,D/V,p.Asp2723Val,0.9766991913819824,0.8635194623782156,1.106700207517816,Previously Published
13,2723,D/Y,p.Asp2723Tyr,1.1696131154131277,1.00984165845637,1.3628186431214548,Previously Published
13,2733,D/E,p.Asp2733Glu,3.4482516768339417,2.9621184326396115,4.016977967739029,Previously Published
13,2819,D/H,p.Asp2819His,1.3745853564558903,1.1856018974495726,1.6030449228170025,Previously Published
13,2819,D/V,p.Asp2819Val,1.1995808536437338,1.0625756533878672,1.3606383295707405,Novel
13,2913,D/E,p.Asp2913Glu,4.9178545928183945,4.216899611213558,5.717444881084525,Previously Published
13,2913,D/G,p.Asp2913Gly,3.0095572663744248,2.586574959416437,3.5017886985381117,Previously Published
13,2913,D/H,p.Asp2913His,2.935272280395333,2.6896637656136013,3.2040230856982967,Previously Published
13,2965,D/H,p.Asp2965His,5.328790924711168,4.699851903112785,6.026978001958944,Previously Published
13,3073,D/G,p.Asp3073Gly,1.083819578440934,0.9364967074031725,1.2622284688725065,Previously Published
13,3073,D/Y,p.Asp3073Tyr,0.9826675175380283,0.8469268878776819,1.1462928051669217,Novel
13,3095,D/E,p.Asp3095Glu,0.9480231256621984,0.8395354387674021,1.0745521221604915,Previously Published
13,3095,D/G,p.Asp3095Gly,1.0414005596578444,0.897362847452153,1.2148901253404492,Novel
13,3112,D/G,p.Asp3112Gly,4.520562910816221,3.87990591800236,5.2570112798850275,Previously Published
13,3112,D/N,p.Asp3112Asn,5.668927745207467,5.009181990991946,6.404159812577564,Previously Published
13,3112,D/Y,p.Asp3112Tyr,2.906170353909019,2.571926625021696,3.28720565299799,Previously Published
13,3170,D/G,p.Asp3170Gly,4.727532636007325,4.29087381179932,5.202668959105592,Previously Published
13,2571,E/G,p.Glu2571Gly,5.5012060469395925,4.730344879349749,6.387306618685802,Previously Published
13,2571,E/K,p.Glu2571Lys,5.364880922896675,4.610871463952512,6.226447795347591,Novel
13,2599,E/G,p.Glu2599Gly,1.4631244623694697,1.296000123341863,1.657849246282239,Novel
13,2663,E/K,p.Glu2663Lys,0.8255975784070837,0.7327575669275644,0.9343144964487821,Previously Published
13,2757,E/V,p.Glu2757Val,4.6143577455838685,3.9584136205033618,5.36943978167372,Previously Published
13,2847,E/D,p.Glu2847Asp,3.3772655873154505,2.89924167978089,3.9305918218436324,Previously Published
13,2848,E/Q,p.Glu2848Gln,4.792739954259123,4.1127328524815185,5.580609739447691,Previously Published
13,2856,E/A,p.Glu2856Ala,3.9990446196278877,3.533873009540623,4.520243969471525,Previously Published
13,2947,E/K,p.Glu2947Lys,4.889608253299843,4.201438894616278,5.6851593900694395,Previously Published
13,2981,E/K,p.Glu2981Lys,4.864553504330499,4.175431787771674,5.656801584444537,Previously Published
13,3002,E/D,p.Glu3002Asp,2.468793119975497,2.2758866186461852,2.677109074491297,Previously Published
13,3071,E/D,p.Glu3071Asp,4.304000574864263,3.6940903824375657,5.001014377290063,Previously Published
13,3152,E/K,p.Glu3152Lys,4.897609724208049,4.2024514530391395,5.702125201686053,Previously Published
13,2562,F/C,p.Phe2562Cys,1.3205429716561679,1.1376769872001797,1.5366196451802097,Novel
13,2562,F/V,p.Phe2562Val,1.082167054270656,0.9318120147055805,1.2632440004005794,Previously Published
13,2568,F/S,p.Phe2568Ser,3.525003367649933,3.022887713160489,4.095172837491478,Previously Published
13,2600,F/C,p.Phe2600Cys,3.3308010360705214,2.863556080864972,3.8709278930275626,Previously Published
13,2642,F/C,p.Phe2642Cys,2.900365261989124,2.605925238496938,3.225513921192569,Novel
13,2642,F/S,p.Phe2642Ser,1.069967188473586,0.9221909100386579,1.2478985327537475,Previously Published
13,2794,F/L,p.Phe2794Leu,3.5603591008488102,3.0604054482779413,4.1423265854895615,Previously Published
13,2873,F/C,p.Phe2873Cys,3.791937819569851,3.260807341185338,4.41073456073812,Previously Published
13,3146,F/S,p.Phe3146Ser,1.0553410210497707,0.9103428933208658,1.2315492339004224,Novel
13,2508,G/R,p.Gly2508Arg,1.0760516624686132,0.9266361894013317,1.2563465679600316,Previously Published
13,2508,G/S,p.Gly2508Ser,3.2231183513065322,2.9303735507498057,3.5476744991029943,Previously Published
13,2544,G/S,p.Gly2544Ser,4.427239983740044,3.8003694502456766,5.151820946093854,Novel
13,2578,G/E,p.Gly2578Glu,4.415118094664352,3.7955494187852548,5.131648159458314,Novel
13,2584,G/C,p.Gly2584Cys,3.942527101216255,3.3806037682174352,4.587161399780937,Novel
13,2584,G/D,p.Gly2584Asp,2.7902979101644436,2.4616240149761475,3.164578135247589,Previously Published
13,2596,G/E,p.Gly2596Glu,1.116150028180084,0.96243374056091,1.301215945727753,Previously Published
13,2596,G/R,p.Gly2596Arg,1.2806164789499668,1.101716857524642,1.4941371956353697,Previously Published
13,2609,G/V,p.Gly2609Val,1.0741722635206103,0.9243805313912756,1.2504393842512855,Previously Published
13,2724,G/V,p.Gly2724Val,1.0659078989103759,0.9183939417127874,1.2434954077858198,Novel
13,2724,G/W,p.Gly2724Trp,1.117879068251608,0.9904612845937252,1.2675927238066131,Previously Published
13,2748,G/D,p.Gly2748Asp,0.9482955351716881,0.8389190541905018,1.0758614575341734,Previously Published
13,2748,G/S,p.Gly2748Ser,0.9716558718546707,0.8364074262517267,1.1316045709548763,Previously Published
13,2793,G/E,p.Gly2793Glu,1.192439810857586,0.9625902130058605,1.2304241499274131,Previously Published
13,2793,G/R,p.Gly2793Arg,1.1788076937977239,1.017262776027313,1.373905970053228,Previously Published
13,2793,G/V,p.Gly2793Val,1.1610239410381622,1.0288761656345065,1.3165253410924984,Novel
13,2812,G/E,p.Gly2812Glu,2.444091591994093,2.2851179008637548,2.6168176865978716,Previously Published
13,2813,G/E,p.Gly2813Glu,3.159714100119938,2.872059621175286,3.4781083545605305,Previously Published
13,2816,G/D,p.Gly2816Asp,4.188398051289045,3.76053937383734,4.65945824236115,Previously Published
13,2901,G/D,p.Gly2901Asp,4.2450751496299794,3.646523812899184,4.933465313226448,Previously Published
13,2901,G/V,p.Gly2901Val,4.206312169607169,3.7153563543430423,4.752309626616083,Novel
13,3003,G/E,p.Gly3003Glu,1.346987898485162,1.1605843508775653,1.5674211862303873,Previously Published
13,3076,G/E,p.Gly3076Glu,1.0409435221790455,0.9216232868588495,1.1800853161395284,Previously Published
13,3076,G/R,p.Gly3076Arg,1.0337743358863785,0.8909447331141885,1.2055860440577335,Previously Published
13,3076,G/V,p.Gly3076Val,1.1618312185262556,1.045928559655714,1.2952759207636408,Previously Published
13,2623,H/R,p.His2623Arg,0.8321223620832527,0.7580879855347823,0.9168528164258148,Previously Published
13,2623,H/Y,p.His2623Tyr,1.1540077985797221,0.9948315790442733,1.3455765040565046,Previously Published
13,2490,I/T,p.Ile2490Thr,4.479119143312354,3.9571343134039707,5.059965668673588,Previously Published
13,2495,I/T,p.Ile2495Thr,3.5909193101447165,3.084701716319603,4.1792667841964946,Previously Published
13,2521,I/T,p.Ile2521Thr,4.085519399775874,3.509515118255438,4.74762503603909,Previously Published
13,2627,I/F,p.Ile2627Phe,1.0096512103960884,0.8699296924418952,1.1807449620813977,Previously Published
13,2627,I/N,p.Ile2627Asn,1.1641763240924963,1.0304802885092395,1.319750652745941,Novel
13,2627,I/V,p.Ile2627Val,3.7655029807996083,3.232301809500512,4.3775486444840395,Novel
13,2672,I/V,p.Ile2672Val,4.3737990213576134,4.055074683327189,4.715665775984799,Previously Published
13,2751,I/S,p.Ile2751Ser,1.0409588254640394,0.8985551835103548,1.212822060975028,Novel
13,2821,I/T,p.Ile2821Thr,3.76497263897203,3.2339240156784386,4.372149736472883,Previously Published
13,2822,I/F,p.Ile2822Phe,2.5842459408348866,2.2864405126310907,2.926376994529547,Novel
13,2944,I/F,p.Ile2944Phe,4.7118728724758805,4.039220593617387,5.4777820925104646,Previously Published
13,3107,I/T,p.Ile3107Thr,5.613310897900444,4.957612710685222,6.342790427229149,Previously Published
13,2630,K/Q,p.Lys2630Gln,0.9829777889913969,0.8469296820498814,1.1465009353826492,Previously Published
13,2657,K/T,p.Lys2657Thr,1.0512108670960705,0.9312187333486263,1.192118351050201,Novel
13,2729,K/N,p.Lys2729Asn,3.864683391193339,3.5073363376917466,4.258664472387692,Previously Published
13,2849,K/E,p.Lys2849Glu,4.5616242572660965,3.9197694839501303,5.293953667094692,Previously Published
13,2950,K/N,p.Lys2950Asn,5.414868251738424,4.6578926712100674,6.27993115854678,Previously Published
13,3179,K/E,p.Lys3179Glu,4.463060047248703,3.835145480717577,5.185833504989417,Previously Published
13,2484,L/H,p.Leu2484His,3.776839933403089,3.247126388704682,4.397704601436598,Previously Published
13,2510,L/P,p.Leu2510Pro,1.060173436634592,0.9128524006168907,1.2381844366778825,Previously Published
13,2587,L/F,p.Leu2587Phe,3.765849248390095,3.3859024134924436,4.191981877589967,Previously Published
13,2604,L/P,p.Leu2604Pro,0.9762782705732629,0.8421573613581206,1.1390478810389795,Novel
13,2647,L/P,p.Leu2647Pro,0.9974222641620595,0.8824176834047257,1.1310872037168853,Previously Published
13,2653,L/P,p.Leu2653Pro,0.9159248739296214,0.7891792878128956,1.068040288452797,Previously Published
13,2654,L/R,p.Leu2654Arg,3.769016064632513,3.2379612012664425,4.3851246470213505,Previously Published
13,2656,L/P,p.Leu2656Pro,1.123442894700302,0.9672177846696202,1.310870781487628,Previously Published
13,2686,L/P,p.Leu2686Pro,0.8575963132340493,0.7598932491523456,0.9717180977698178,Previously Published
13,2688,L/P,p.Leu2688Pro,0.9972897691938764,0.881758135731633,1.1297251813250293,Previously Published
13,2721,L/H,p.Leu2721His,0.9173861470896189,0.7919695247413955,1.0696682706191218,Previously Published
13,2745,L/V,p.Leu2745Val,3.346768543386254,2.9568263424929877,3.7910139730763235,Previously Published
13,2753,L/P,p.Leu2753Pro,1.0095835252247787,0.9181267635230987,1.1104680141238086,Novel
13,2768,L/H,p.Leu2768His,3.4016235640859045,2.924708539974415,3.9523415298047486,Previously Published
13,2768,L/P,p.Leu2768Pro,3.9316245722059704,3.3783028904029533,4.568014336690137,Previously Published
13,2774,L/R,p.Leu2774Arg,4.405508184866888,3.7797373931402656,5.127887127383125,Novel
13,2792,L/R,p.Leu2792Arg,1.0656830563151798,0.9168721495974027,1.2448001767789014,Novel
13,2865,L/V,p.Leu2865Val,4.450533759430747,3.8284313711591857,5.174775880243501,Previously Published
13,2898,L/S,p.Leu2898Ser,3.208713195518037,2.7578516644080064,3.732957397626802,Previously Published
13,2929,L/W,p.Leu2929Trp,3.852131073405307,3.398579561753448,4.360924349796938,Previously Published
13,3101,L/R,p.Leu3101Arg,1.149454753079536,1.0169988052608927,1.300609881263259,Novel
13,3125,L/F,p.Leu3125Phe,1.0837649183962004,0.9338757415702218,1.2618601915026821,Previously Published
13,3125,L/H,p.Leu3125His,0.9592969585810958,0.8279938479822034,1.1161401437382974,Previously Published
13,3125,L/R,p.Leu3125Arg,0.9070521327430299,0.7819660520587638,1.05809377815543,Previously Published
13,3180,L/P,p.Leu3180Pro,1.3681664755163747,1.1778465316934659,1.5941377364073455,Previously Published
13,3180,L/R,p.Leu3180Arg,2.930242919401121,2.5182042623775027,3.405196131432576,Previously Published
13,2634,M/T,p.Met2634Thr,3.718029420273167,3.2804530019640548,4.206512124911352,Novel
13,2676,M/T,p.Met2676Thr,5.65511585223142,4.859816236234803,6.5685629024778285,Previously Published
13,2622,N/D,p.Asn2622Asp,1.2049682690057122,1.065923289312313,1.3636821732000062,Previously Published
13,2622,N/S,p.Asn2622Ser,1.4002192922310175,1.2576656169850637,1.557550409007853,Previously Published
13,2781,N/I,p.Asn2781Ile,1.0171209835424544,0.9014855403278103,1.1514675556666372,Previously Published
13,3124,N/H,p.Asn3124His,3.9518502583838386,3.5479944562141568,4.398650194785382,Novel
13,3124,N/I,p.Asn3124Ile,0.9923063317949626,0.8933555182575473,1.1059728784955956,Previously Published
13,3187,N/K,p.Asn3187Lys,4.60307051218178,4.0665758361685755,5.198863975512767,Novel
13,2589,P/H,p.Pro2589His,3.7716745843481263,3.2430965303758326,4.383086608349271,Previously Published
13,2608,P/A,p.Pro2608Ala,3.4739478127264305,3.1577773904740036,3.8227495531196576,Previously Published
13,2608,P/Q,p.Pro2608Gln,3.7469895939300897,3.220638400634745,4.361690374820803,Previously Published
13,2639,P/A,p.Pro2639Ala,3.9759202391867734,3.5129393004679925,4.496482423178609,Previously Published
13,2639,P/L,p.Pro2639Leu,2.88437449072617,2.4837701934816865,3.3492368724047386,Previously Published
13,2767,P/S,p.Pro2767Ser,3.053546664446279,2.6948966584899012,3.4548881637230586,Novel
13,2798,P/L,p.Pro2798Leu,4.163287963191826,3.6819121338652763,4.695644398066316,Previously Published
13,2800,P/H,p.Pro2800His,2.85782670396937,2.45540329921819,3.3235239729036765,Previously Published
13,2800,P/S,p.Pro2800Ser,3.8591226542438744,3.3195300521175928,4.486197300933323,Previously Published
13,2827,P/S,p.Pro2827Ser,4.610876108166436,3.962967083841573,5.360820005256958,Novel
13,3039,P/L,p.Pro3039Leu,4.134961792687109,3.551515007060323,4.801896224532137,Previously Published
13,3063,P/S,p.Pro3063Ser,3.7628577702890387,3.318518922416309,4.260133595876341,Previously Published
13,2491,Q/L,p.Gln2491Leu,3.41536767369464,2.9305290312549417,3.9775049281853154,Previously Published
13,2561,Q/P,p.Gln2561Pro,1.129903809043976,1.016013670294744,1.2603968104803602,Previously Published
13,2858,Q/R,p.Gln2858Arg,4.813141252556475,4.1329839689216135,5.5787391986305614,Previously Published
13,3026,Q/E,p.Gln3026Glu,3.0560728913384585,2.627903075189746,3.548738349477935,Previously Published
13,3126,Q/P,p.Gln3126Pro,5.33382285062525,4.583786932076274,6.193296941414931,Novel
13,2488,R/G,p.Arg2488Gly,2.9194317516025055,2.578090964233806,3.3040254766342154,Previously Published
13,2488,R/S,p.Arg2488Ser,2.9647858630456714,2.716008023016294,3.237237674804075,Previously Published
13,2494,R/Q,p.Arg2494Gln,2.7887549476964377,2.393411331052158,3.2475106864685133,Previously Published
13,2502,R/C,p.Arg2502Cys,5.03661791842481,4.321052815471535,5.862168987315968,Previously Published
13,2520,R/L,p.Arg2520Leu,4.1475198900542205,3.5603436315891495,4.82135791267327,Previously Published
13,2625,R/I,p.Arg2625Ile,1.1735487081156661,1.0115738135558427,1.3677159485690502,Previously Published
13,2625,R/K,p.Arg2625Lys,3.944439537691194,3.388335754303616,4.590872736917715,Previously Published
13,2669,R/S,p.Arg2669Ser,5.3809503212690535,4.614793445814061,6.2424002946691,Novel
13,2678,R/G,p.Arg2678Gly,5.115916413125832,4.59267684725926,5.695225474515509,Previously Published
13,2784,R/W,p.Arg2784Trp,1.3492404238096807,1.1610317987424912,1.5748996439157867,Previously Published
13,2787,R/C,p.Arg2787Cys,2.9026658624532637,2.489107011508643,3.37553185139299,Previously Published
13,2787,R/H,p.Arg2787His,3.966963182594709,3.408571719217679,4.61046702614991,Previously Published
13,2824,R/T,p.Arg2824Thr,1.355996834069427,1.1658837070000092,1.578600308906507,Previously Published
13,2842,R/H,p.Arg2842His,2.3988408741364147,2.2776191907255274,2.526775280146866,Previously Published
13,2888,R/C,p.Arg2888Cys,4.570133302748154,4.107377815876574,5.078927119665901,Previously Published
13,2892,R/S,p.Arg2892Ser,4.897409731895688,4.483964696512685,5.3435130360270815,Previously Published
13,2973,R/C,p.Arg2973Cys,3.0817674783138256,2.7694147295041973,3.430454123814449,Previously Published
13,2973,R/H,p.Arg2973His,2.826046841295506,2.4986676894633053,3.19732821759919,Previously Published
13,2991,R/C,p.Arg2991Cys,4.353190272073342,3.7434347601694267,5.064735921652892,Previously Published
13,2991,R/H,p.Arg2991His,3.8974410791643295,3.4349001736433573,4.414679795711405,Previously Published
13,3005,R/A,p.Arg3005Ala,4.528396990564714,3.9990811026489874,5.127204460658249,Previously Published
13,3052,R/L,p.Arg3052Leu,1.040084600291877,0.8961715437919687,1.2133127174895035,Novel
13,3052,R/W,p.Arg3052Trp,0.9714117647724811,0.8743189515257529,1.0838198368165717,Previously Published
13,3128,R/Q,p.Arg3128Gln,4.720417421496678,4.046791214538427,5.488000718988667,Previously Published
13,2483,S/N,p.Ser2483Asn,5.09382914691234,4.3739264422041515,5.915383819806008,Previously Published
13,2509,S/N,p.Ser2509Asn,3.625314841411664,3.2013473639544214,4.101618320693633,Previously Published
13,2522,S/F,p.Ser2522Phe,2.850655468044189,2.592478378876081,3.1377141131822293,Previously Published
13,2533,S/C,p.Ser2533Cys,4.640887643513707,3.989671595582373,5.3870151395514965,Previously Published
13,2691,S/Y,p.Ser2691Tyr,1.3701652353431033,1.1792067504030508,1.5986383761670566,Previously Published
13,2695,S/L,p.Ser2695Leu,4.450057139259228,3.826518100560217,5.171899236848322,Novel
13,2697,S/N,p.Ser2697Asn,5.385459206291605,4.626478652210024,6.254647831964866,Previously Published
13,2704,S/F,p.Ser2704Phe,4.805764865345997,4.128072902336247,5.573524218861229,Previously Published
13,2705,S/R,p.Ser2705Arg,4.658601632316127,4.002998975280422,5.408688454525812,Previously Published
13,2782,S/N,p.Ser2782Asn,4.993607799538154,4.281557472575734,5.80278517962345,Previously Published
13,2806,S/L,p.Ser2806Leu,4.938058834669008,4.238572909237578,5.74114409335013,Novel
13,2807,S/L,p.Ser2807Leu,3.0416607724210443,2.733956978352002,3.3822341452875624,Previously Published
13,2810,S/G,p.Ser2810Gly,4.367582259887945,3.7597807684782394,5.063100141856412,Previously Published
13,2835,S/P,p.Ser2835Pro,5.0413555829416,4.4542192896227215,5.705354665839906,Previously Published
13,2988,S/G,p.Ser2988Gly,3.9723119163214413,3.4153356943194484,4.616130845327763,Previously Published
13,3016,S/A,p.Ser3016Ala,4.493701112070587,3.8571901327056324,5.221755798285125,Previously Published
13,3020,S/C,p.Ser3020Cys,3.9318458230186355,3.476255914663476,4.451316259830442,Previously Published
13,3058,S/G,p.Ser3058Gly,5.20754606468828,4.470403764478774,6.049737730279918,Previously Published
13,3123,S/G,p.Ser3123Gly,3.724967211674752,3.1967252274276396,4.332133689856492,Previously Published
13,3123,S/R,p.Ser3123Arg,4.556123284032709,3.911479624406174,5.294302120132999,Novel
13,2515,T/I,p.Thr2515Ile,4.218899352833771,3.8352474499781164,4.6353502475468416,Previously Published
13,2662,T/M,p.Thr2662Met,3.8876891736014425,3.3429040504644756,4.5134948590744655,Previously Published
13,2722,T/A,p.Thr2722Ala,1.3887430301293693,1.1958150164601178,1.620125479145269,Novel
13,2722,T/I,p.Thr2722Ile,1.2362427104709754,1.0653230324214225,1.4409820996529432,Novel
13,2722,T/K,p.Thr2722Lys,0.9951023300453593,0.8573334471887505,1.1601547812783752,Novel
13,2722,T/R,p.Thr2722Arg,1.0837539853789266,0.9330262781486675,1.2633880488233025,Previously Published
13,3013,T/I,p.Thr3013Ile,5.900670182554566,5.0680987951076055,6.862449481849105,Previously Published
13,3030,T/I,p.Thr3030Ile,4.20730271789854,3.6179417908190774,4.8873297010196515,Previously Published
13,2527,V/A,p.Val2527Ala,4.639097366611853,3.981508677221586,5.395404418916867,Novel
13,2652,V/G,p.Val2652Gly,1.1420810620001483,0.9837221852471789,1.3341180748129304,Previously Published
13,2687,V/F,p.Val2687Phe,1.13573070662323,1.0066312684381182,1.287614922471889,Previously Published
13,2728,V/A,p.Val2728Ala,4.492557920420045,3.8536131529781197,5.224419576584658,Novel
13,2728,V/I,p.Val2728Ile,5.28208230612584,4.666863195302188,5.96252342920074,Previously Published
13,2815,V/I,p.Val2815Ile,4.532898139957902,4.00486309577693,5.126706370660668,Previously Published
13,2908,V/G,p.Val2908Gly,2.5333531824973434,2.348595090021837,2.733592192449747,Previously Published
13,2966,V/A,p.Val2966Ala,2.9094781350763923,2.643941859499567,3.2002331644390503,Previously Published
13,2969,V/M,p.Val2969Met,3.011518664052475,2.7028304895857764,3.356000628083413,Previously Published
13,3079,V/I,p.Val3079Ile,5.157946392637431,4.688624051321126,5.673852742263556,Previously Published
13,3081,V/A,p.Val3081Ala,3.2248429806247203,2.769824270260683,3.7509818032372366,Previously Published
13,3091,V/I,p.Val3091Ile,4.7765399670880635,4.104740495011472,5.551831019231348,Previously Published
13,2619,W/C,p.Trp2619Cys,1.0023148706866625,0.8884392076077777,1.1358748482841965,Novel
13,2619,W/G,p.Trp2619Gly,1.0439262120330826,0.9243888972967559,1.1829562272233656,Novel
13,2619,W/S,p.Trp2619Ser,0.971157298055346,0.8369133205864181,1.1324051474668935,Previously Published
13,2626,W/R,p.Trp2626Arg,1.0881656853613484,0.9633245361530789,1.2332726052854432,Previously Published
13,2725,W/L,p.Trp2725Leu,1.3528979343004865,1.1649135159411876,1.5761653674606062,Previously Published
13,2788,W/R,p.Trp2788Arg,1.053200565342327,0.9086005555673826,1.2267226330529901,Previously Published
13,2788,W/S,p.Trp2788Ser,1.0899116760990724,0.9806444125144805,1.213920254401409,Previously Published
13,2601,Y/H,p.Tyr2601His,3.3999540254058536,2.9244715789011635,3.952735603889372,Previously Published
13,2624,Y/C,p.Tyr2624Cys,1.5117149355575583,1.3934315863153508,1.6404617938491568,Previously Published
13,2624,Y/H,p.Tyr2624His,1.0221755512942425,0.8806564814837391,1.193968153740042,Previously Published
13,2658,Y/C,p.Tyr2658Cys,3.735704417983103,3.209544169118907,4.33945016606412,Previously Published
13,2658,Y/H,p.Tyr2658His,3.599080665964202,3.180590424302608,4.0741999026808475,Novel
13,2660,Y/D,p.Tyr2660Asp,1.170215421952261,1.052127704235337,1.3035694889777323,Previously Published
13,2726,Y/C,p.Tyr2726Cys,1.3588534849807663,1.2015251101189814,1.5399220447955142,Previously Published
13,3006,Y/D,p.Tyr3006Asp,1.0629033230885292,0.9557446997747368,1.1849629967883368,Novel
13,3035,Y/C,p.Tyr3035Cys,4.158256408019068,3.573123389182986,4.832104168428393,Previously Published
13,3035,Y/S,p.Tyr3035Ser,2.5136621097383776,2.2863300636454063,2.763469699531764,Previously Published
13,3092,Y/C,p.Tyr3092Cys,3.622870803128669,3.113189989476116,4.215473442438953,Previously Published
13,3098,Y/H,p.Tyr3098His,5.306531217180332,4.954351150792192,5.678394021130413,Previously Published
